Date,Symbol,Security Name,Open,High,Low,Close,Volume,Open Interest,Delivery Month
2021-01-08,&KE_CCB,KC HRW Wheat Continuous Contract Backadjusted,624,625.75,611.25,618.75,41095,224716,202103
2021-01-11,&KE_CCB,KC HRW Wheat Continuous Contract Backadjusted,618.5,628.75,612,618,38252,224358,202103
2021-01-12,&KE_CCB,KC HRW Wheat Continuous Contract Backadjusted,620.25,650.5,618,646.5,60212,223793,202103
2021-01-13,&KE_CCB,KC HRW Wheat Continuous Contract Backadjusted,646,663.5,641.75,649.75,50828,222678,202103
2021-01-14,&KE_CCB,KC HRW Wheat Continuous Contract Backadjusted,649.75,664.75,645,660.5,43043,222163,202103
2021-01-15,&KE_CCB,KC HRW Wheat Continuous Contract Backadjusted,661.75,684,659.5,667,55155,221567,202103
2021-01-19,&KE_CCB,KC HRW Wheat Continuous Contract Backadjusted,673.75,681,662.75,668,45868,218613,202103
2021-01-20,&KE_CCB,KC HRW Wheat Continuous Contract Backadjusted,669.5,671.75,657.25,661,42172,219486,202103
2021-01-21,&KE_CCB,KC HRW Wheat Continuous Contract Backadjusted,661,670.5,656.25,659.75,33375,219277,202103
2021-01-22,&KE_CCB,KC HRW Wheat Continuous Contract Backadjusted,657.75,658.25,635.75,637.25,45390,217538,202103
2021-01-25,&KE_CCB,KC HRW Wheat Continuous Contract Backadjusted,637.25,654.25,629.5,651.25,43803,219163,202103
2021-01-26,&KE_CCB,KC HRW Wheat Continuous Contract Backadjusted,650,669.5,644.5,665,49406,220736,202103
2021-01-27,&KE_CCB,KC HRW Wheat Continuous Contract Backadjusted,664.5,672,654.75,660.75,38459,218938,202103
2021-01-28,&KE_CCB,KC HRW Wheat Continuous Contract Backadjusted,659.75,669.25,648,650,52370,221914,202103
2021-01-29,&KE_CCB,KC HRW Wheat Continuous Contract Backadjusted,652,663.75,647.25,662,44736,224473,202103
2021-02-01,&KE_CCB,KC HRW Wheat Continuous Contract Backadjusted,662.5,668,640.75,649.25,71256,223853,202103
2021-02-02,&KE_CCB,KC HRW Wheat Continuous Contract Backadjusted,651,653.75,640.75,643,35890,223457,202103
2021-02-03,&KE_CCB,KC HRW Wheat Continuous Contract Backadjusted,643,652.25,628.5,649.5,66072,226426,202103
2021-02-04,&KE_CCB,KC HRW Wheat Continuous Contract Backadjusted,649,654,638.5,642.75,60926,227957,202103
2021-02-05,&KE_CCB,KC HRW Wheat Continuous Contract Backadjusted,640.75,653.75,636.75,649.25,115992,226881,202103
2021-02-08,&KE_CCB,KC HRW Wheat Continuous Contract Backadjusted,651.75,666,650.25,663.5,119845,225053,202103
2021-02-09,&KE_CCB,KC HRW Wheat Continuous Contract Backadjusted,666,668,649.5,657.5,111613,227114,202103
2021-02-10,&KE_CCB,KC HRW Wheat Continuous Contract Backadjusted,658,659.25,634.75,638,96561,223795,202103
2021-02-11,&KE_CCB,KC HRW Wheat Continuous Contract Backadjusted,638,649.5,633.25,635,95428,225973,202103
2021-02-12,&KE_CCB,KC HRW Wheat Continuous Contract Backadjusted,636,648.25,636,640.75,62681,227847,202103
2021-02-16,&KE_CCB,KC HRW Wheat Continuous Contract Backadjusted,652.75,663.5,649,661.5,46590,229412,202103
2021-02-17,&KE_CCB,KC HRW Wheat Continuous Contract Backadjusted,663,664,643.75,648.5,61663,231951,202103
2021-02-18,&KE_CCB,KC HRW Wheat Continuous Contract Backadjusted,647.5,663,647,660.75,72910,232980,202103
2021-02-19,&KE_CCB,KC HRW Wheat Continuous Contract Backadjusted,661.25,669.5,651.75,655.75,60608,233799,202103
2021-02-22,&KE_CCB,KC HRW Wheat Continuous Contract Backadjusted,656.75,669.25,656.5,668.5,45978,229838,202103
2021-02-23,&KE_CCB,KC HRW Wheat Continuous Contract Backadjusted,669,669.5,659,665,50078,228710,202103
2021-02-24,&KE_CCB,KC HRW Wheat Continuous Contract Backadjusted,666,681,663,680,54992,228898,202103
2021-02-25,&KE_CCB,KC HRW Wheat Continuous Contract Backadjusted,678.25,680,661.25,668.25,50444,227020,202103
2021-02-26,&KE_CCB,KC HRW Wheat Continuous Contract Backadjusted,665.5,666.25,648.25,649.5,47060,225641,202105
2021-03-01,&KE_CCB,KC HRW Wheat Continuous Contract Backadjusted,651.75,655.5,637,639,59324,225376,202105
2021-03-02,&KE_CCB,KC HRW Wheat Continuous Contract Backadjusted,639.75,654.75,635.25,651,38190,223072,202105
2021-03-03,&KE_CCB,KC HRW Wheat Continuous Contract Backadjusted,650.25,651.25,638.5,641.75,48483,220387,202105
2021-03-04,&KE_CCB,KC HRW Wheat Continuous Contract Backadjusted,640.75,648,636.25,636.75,36231,219373,202105
2021-03-05,&KE_CCB,KC HRW Wheat Continuous Contract Backadjusted,636,645.5,632.75,642,34511,220465,202105
2021-03-08,&KE_CCB,KC HRW Wheat Continuous Contract Backadjusted,649.25,650.75,628.75,637.5,45900,219228,202105
2021-03-09,&KE_CCB,KC HRW Wheat Continuous Contract Backadjusted,638,643.75,632.75,642.25,36839,217450,202105
2021-03-10,&KE_CCB,KC HRW Wheat Continuous Contract Backadjusted,641.75,641.75,626.5,632.25,34716,217338,202105
2021-03-11,&KE_CCB,KC HRW Wheat Continuous Contract Backadjusted,631,633.75,616.75,620,55767,214903,202105
2021-03-12,&KE_CCB,KC HRW Wheat Continuous Contract Backadjusted,620,625.25,616.25,619.25,29949,215215,202105
2021-03-15,&KE_CCB,KC HRW Wheat Continuous Contract Backadjusted,619.75,624.75,614,622.5,38568,213686,202105
2021-03-16,&KE_CCB,KC HRW Wheat Continuous Contract Backadjusted,621.5,624.75,607,624,46941,216039,202105
2021-03-17,&KE_CCB,KC HRW Wheat Continuous Contract Backadjusted,622.25,625,616,616.75,21890,215413,202105
2021-03-18,&KE_CCB,KC HRW Wheat Continuous Contract Backadjusted,616.25,617.5,601.25,602.75,32742,218836,202105
2021-03-19,&KE_CCB,KC HRW Wheat Continuous Contract Backadjusted,602.75,606,595.75,601.25,44403,220689,202105
2021-03-22,&KE_CCB,KC HRW Wheat Continuous Contract Backadjusted,603.25,603.25,590,594,42642,219930,202105
2021-03-23,&KE_CCB,KC HRW Wheat Continuous Contract Backadjusted,592.75,602.75,582.25,597.75,63326,220866,202105
2021-03-24,&KE_CCB,KC HRW Wheat Continuous Contract Backadjusted,597.75,598.5,590.75,592,35990,221939,202105
2021-03-25,&KE_CCB,KC HRW Wheat Continuous Contract Backadjusted,592,593.25,581.25,582.5,40360,221930,202105
2021-03-26,&KE_CCB,KC HRW Wheat Continuous Contract Backadjusted,582.5,588.25,578.25,584,31444,223805,202105
2021-03-29,&KE_CCB,KC HRW Wheat Continuous Contract Backadjusted,585,586,574,585.25,44149,225967,202105
2021-03-30,&KE_CCB,KC HRW Wheat Continuous Contract Backadjusted,584.75,585,572,574.25,31418,225545,202105
2021-03-31,&KE_CCB,KC HRW Wheat Continuous Contract Backadjusted,575,602.75,568.75,591.5,80104,230608,202105
2021-04-01,&KE_CCB,KC HRW Wheat Continuous Contract Backadjusted,593.5,597.75,574.75,580.75,61681,233356,202105
2021-04-05,&KE_CCB,KC HRW Wheat Continuous Contract Backadjusted,579,589.5,577.5,578.75,35220,234011,202105
2021-04-06,&KE_CCB,KC HRW Wheat Continuous Contract Backadjusted,581,582.75,569.25,571.25,69163,232449,202105
2021-04-07,&KE_CCB,KC HRW Wheat Continuous Contract Backadjusted,572,582,571,579,59405,231850,202105
2021-04-08,&KE_CCB,KC HRW Wheat Continuous Contract Backadjusted,579.25,595.75,579.25,592.25,102115,230576,202105
2021-04-09,&KE_CCB,KC HRW Wheat Continuous Contract Backadjusted,594.5,608.25,592.5,602.25,92273,226434,202105
2021-04-12,&KE_CCB,KC HRW Wheat Continuous Contract Backadjusted,602.25,604.25,591.5,594.75,90300,221369,202105
2021-04-13,&KE_CCB,KC HRW Wheat Continuous Contract Backadjusted,595.75,602.75,592,600.5,61588,221216,202105
2021-04-14,&KE_CCB,KC HRW Wheat Continuous Contract Backadjusted,599.75,624.5,599.75,619.25,103186,217525,202105
2021-04-15,&KE_CCB,KC HRW Wheat Continuous Contract Backadjusted,620,626.5,611.75,623.5,63035,217656,202105
2021-04-16,&KE_CCB,KC HRW Wheat Continuous Contract Backadjusted,623.5,631.75,616.75,625,59128,216510,202105
2021-04-19,&KE_CCB,KC HRW Wheat Continuous Contract Backadjusted,625.75,634.25,625.25,627.75,33012,213599,202105
2021-04-20,&KE_CCB,KC HRW Wheat Continuous Contract Backadjusted,627.75,651.5,625,636.5,68473,215075,202105
2021-04-21,&KE_CCB,KC HRW Wheat Continuous Contract Backadjusted,638.75,652.25,634.25,646.5,43961,214064,202105
2021-04-22,&KE_CCB,KC HRW Wheat Continuous Contract Backadjusted,646.5,686.5,646.5,683.25,69887,216662,202105
2021-04-23,&KE_CCB,KC HRW Wheat Continuous Contract Backadjusted,683,691.5,676.5,689,61095,220640,202105
2021-04-26,&KE_CCB,KC HRW Wheat Continuous Contract Backadjusted,689.75,727.75,689.75,717.5,72022,219473,202105
2021-04-27,&KE_CCB,KC HRW Wheat Continuous Contract Backadjusted,719.25,750.5,711.5,720,91619,219918,202105
2021-04-28,&KE_CCB,KC HRW Wheat Continuous Contract Backadjusted,718.75,727.5,697.75,705,68998,219202,202105
2021-04-29,&KE_CCB,KC HRW Wheat Continuous Contract Backadjusted,702.75,711,690.25,704.25,47714,220061,202105
2021-04-30,&KE_CCB,KC HRW Wheat Continuous Contract Backadjusted,703.75,715,692.5,713.25,35351,219509,202107
2021-05-03,&KE_CCB,KC HRW Wheat Continuous Contract Backadjusted,719.75,732.25,693.75,698.25,47596,220996,202107
2021-05-04,&KE_CCB,KC HRW Wheat Continuous Contract Backadjusted,698.25,715.75,696,709,36630,223672,202107
2021-05-05,&KE_CCB,KC HRW Wheat Continuous Contract Backadjusted,711.25,729,700.75,726.75,33917,223701,202107
2021-05-06,&KE_CCB,KC HRW Wheat Continuous Contract Backadjusted,729.5,739.5,719,736.5,41041,224283,202107
2021-05-07,&KE_CCB,KC HRW Wheat Continuous Contract Backadjusted,736.5,751.25,731.25,746.5,43564,224810,202107
2021-05-10,&KE_CCB,KC HRW Wheat Continuous Contract Backadjusted,739.75,745.75,710.5,713.25,49833,225522,202107
2021-05-11,&KE_CCB,KC HRW Wheat Continuous Contract Backadjusted,712.25,728.25,704,720.25,48009,226501,202107
2021-05-12,&KE_CCB,KC HRW Wheat Continuous Contract Backadjusted,723.25,730.5,697.25,700.5,58563,228595,202107
2021-05-13,&KE_CCB,KC HRW Wheat Continuous Contract Backadjusted,702.75,703.5,660.75,667.5,73356,228965,202107
2021-05-14,&KE_CCB,KC HRW Wheat Continuous Contract Backadjusted,674,687.5,661,667.5,63220,225257,202107
2021-05-17,&KE_CCB,KC HRW Wheat Continuous Contract Backadjusted,667.5,668.75,653,662,35903,224034,202107
2021-05-18,&KE_CCB,KC HRW Wheat Continuous Contract Backadjusted,662.75,680.25,652.25,657.5,37170,224139,202107
2021-05-19,&KE_CCB,KC HRW Wheat Continuous Contract Backadjusted,657.5,659.25,629,643.5,52796,223884,202107
2021-05-20,&KE_CCB,KC HRW Wheat Continuous Contract Backadjusted,648.75,653.25,632,634.75,64480,226707,202107
2021-05-21,&KE_CCB,KC HRW Wheat Continuous Contract Backadjusted,635,637.25,625.5,633.75,50547,227250,202107
2021-05-24,&KE_CCB,KC HRW Wheat Continuous Contract Backadjusted,627.75,630,616,625,34272,225316,202107
2021-05-25,&KE_CCB,KC HRW Wheat Continuous Contract Backadjusted,627.25,629.75,606.75,614.25,46893,224190,202107
2021-05-26,&KE_CCB,KC HRW Wheat Continuous Contract Backadjusted,613.75,616.25,597.75,608.5,67196,221344,202107
2021-05-27,&KE_CCB,KC HRW Wheat Continuous Contract Backadjusted,610.5,639.25,608.75,636,49163,222118,202107
2021-05-28,&KE_CCB,KC HRW Wheat Continuous Contract Backadjusted,637.5,639.25,620.5,623,44680,221450,202107
2021-06-01,&KE_CCB,KC HRW Wheat Continuous Contract Backadjusted,633,662.75,631.25,647.25,51350,221164,202107
2021-06-02,&KE_CCB,KC HRW Wheat Continuous Contract Backadjusted,645.75,656.5,635.25,643.5,51777,220707,202107
2021-06-03,&KE_CCB,KC HRW Wheat Continuous Contract Backadjusted,643.75,656.5,627.25,634,50564,218340,202107
2021-06-04,&KE_CCB,KC HRW Wheat Continuous Contract Backadjusted,633.5,649.5,632.25,646.25,49765,218910,202107
2021-06-07,&KE_CCB,KC HRW Wheat Continuous Contract Backadjusted,654.75,664.25,637,639.75,84939,211393,202107
2021-06-08,&KE_CCB,KC HRW Wheat Continuous Contract Backadjusted,642,660,638.25,642.25,78157,208861,202107
2021-06-09,&KE_CCB,KC HRW Wheat Continuous Contract Backadjusted,643,646.75,630.75,645.5,76718,207585,202107
2021-06-10,&KE_CCB,KC HRW Wheat Continuous Contract Backadjusted,646,657,640.25,650,73546,207582,202107
2021-06-11,&KE_CCB,KC HRW Wheat Continuous Contract Backadjusted,649.5,652.5,634,647.75,65346,207028,202107
2021-06-14,&KE_CCB,KC HRW Wheat Continuous Contract Backadjusted,644.75,646.25,622.25,637.75,44945,206573,202107
2021-06-15,&KE_CCB,KC HRW Wheat Continuous Contract Backadjusted,637.5,638,612,622.5,85899,203255,202107
2021-06-16,&KE_CCB,KC HRW Wheat Continuous Contract Backadjusted,622.75,632.5,618.25,620.5,61798,200888,202107
2021-06-17,&KE_CCB,KC HRW Wheat Continuous Contract Backadjusted,621.5,623.25,593.5,595,59735,204013,202107
2021-06-18,&KE_CCB,KC HRW Wheat Continuous Contract Backadjusted,596,626,595.25,616.25,62975,200926,202107
2021-06-21,&KE_CCB,KC HRW Wheat Continuous Contract Backadjusted,617.25,620.75,597.25,609.5,54113,198943,202107
2021-06-22,&KE_CCB,KC HRW Wheat Continuous Contract Backadjusted,614.75,622.25,605,606.25,42233,199345,202107
2021-06-23,&KE_CCB,KC HRW Wheat Continuous Contract Backadjusted,609.5,628.5,608,621.75,55914,198142,202107
2021-06-24,&KE_CCB,KC HRW Wheat Continuous Contract Backadjusted,619.75,623.75,608.5,615.75,47057,198538,202107
2021-06-25,&KE_CCB,KC HRW Wheat Continuous Contract Backadjusted,615.25,624.75,606.5,610,47177,196709,202107
2021-06-28,&KE_CCB,KC HRW Wheat Continuous Contract Backadjusted,610,633,609.75,627.75,75787,189374,202107
2021-06-29,&KE_CCB,KC HRW Wheat Continuous Contract Backadjusted,630,644.75,624,628.75,66400,183112,202107
2021-06-30,&KE_CCB,KC HRW Wheat Continuous Contract Backadjusted,626,663,615.5,660.75,61715,183730,202109
2021-07-01,&KE_CCB,KC HRW Wheat Continuous Contract Backadjusted,660.75,670.75,639.25,640,63248,183701,202109
2021-07-02,&KE_CCB,KC HRW Wheat Continuous Contract Backadjusted,639.75,648.5,614.75,621,55181,184533,202109
2021-07-06,&KE_CCB,KC HRW Wheat Continuous Contract Backadjusted,604.25,606,581.75,585.5,55418,188944,202109
2021-07-07,&KE_CCB,KC HRW Wheat Continuous Contract Backadjusted,584.75,596.75,580,586.25,40310,189571,202109
2021-07-08,&KE_CCB,KC HRW Wheat Continuous Contract Backadjusted,589.75,597.75,584,589.75,37780,188947,202109
2021-07-09,&KE_CCB,KC HRW Wheat Continuous Contract Backadjusted,591.25,600.5,586,595.75,45737,188005,202109
2021-07-12,&KE_CCB,KC HRW Wheat Continuous Contract Backadjusted,594.5,620.75,588.25,617,53741,191314,202109
2021-07-13,&KE_CCB,KC HRW Wheat Continuous Contract Backadjusted,614.75,620.5,604.75,613.5,36315,195641,202109
2021-07-14,&KE_CCB,KC HRW Wheat Continuous Contract Backadjusted,612.75,632.75,612.5,629.5,43882,196980,202109
2021-07-15,&KE_CCB,KC HRW Wheat Continuous Contract Backadjusted,627.75,642.75,625.25,642,44400,198132,202109
2021-07-16,&KE_CCB,KC HRW Wheat Continuous Contract Backadjusted,640.75,662.5,639.25,653.25,49429,198993,202109
2021-07-19,&KE_CCB,KC HRW Wheat Continuous Contract Backadjusted,660,669.75,651,654,49913,200660,202109
2021-07-20,&KE_CCB,KC HRW Wheat Continuous Contract Backadjusted,654.5,676,654.5,662,48289,203364,202109
2021-07-21,&KE_CCB,KC HRW Wheat Continuous Contract Backadjusted,661.75,672.25,661.75,670.5,50499,207649,202109
2021-07-22,&KE_CCB,KC HRW Wheat Continuous Contract Backadjusted,667.25,668.5,646.5,655.5,50841,208787,202109
2021-07-23,&KE_CCB,KC HRW Wheat Continuous Contract Backadjusted,651.75,662.25,641,647.75,45246,214025,202109
2021-07-26,&KE_CCB,KC HRW Wheat Continuous Contract Backadjusted,650.75,650.75,632.75,640.75,35695,213883,202109
2021-07-27,&KE_CCB,KC HRW Wheat Continuous Contract Backadjusted,642.75,656.75,637.25,643.25,39974,213937,202109
2021-07-28,&KE_CCB,KC HRW Wheat Continuous Contract Backadjusted,642.75,662.5,642.5,661.25,41949,212652,202109
2021-07-29,&KE_CCB,KC HRW Wheat Continuous Contract Backadjusted,661.25,679.5,659.75,676.25,48805,215158,202109
2021-07-30,&KE_CCB,KC HRW Wheat Continuous Contract Backadjusted,675,681.25,665.75,675,45747,218299,202109
2021-08-02,&KE_CCB,KC HRW Wheat Continuous Contract Backadjusted,674,707.5,674,705.25,60655,221082,202109
2021-08-03,&KE_CCB,KC HRW Wheat Continuous Contract Backadjusted,703.25,713.5,697,709.25,61582,225807,202109
2021-08-04,&KE_CCB,KC HRW Wheat Continuous Contract Backadjusted,707.25,720.75,694.25,696,64010,230099,202109
2021-08-05,&KE_CCB,KC HRW Wheat Continuous Contract Backadjusted,694,704,689.5,693.25,55977,232243,202109
2021-08-06,&KE_CCB,KC HRW Wheat Continuous Contract Backadjusted,693.25,710,690.75,707.5,86068,233286,202109
2021-08-09,&KE_CCB,KC HRW Wheat Continuous Contract Backadjusted,706.5,713.75,698.5,703.25,66073,236239,202109
2021-08-10,&KE_CCB,KC HRW Wheat Continuous Contract Backadjusted,702.5,719.75,701.25,716,87323,230837,202109
2021-08-11,&KE_CCB,KC HRW Wheat Continuous Contract Backadjusted,714.75,719.75,707,712,87105,228381,202109
2021-08-12,&KE_CCB,KC HRW Wheat Continuous Contract Backadjusted,710.75,748.75,708.25,740.5,96138,233586,202109
2021-08-13,&KE_CCB,KC HRW Wheat Continuous Contract Backadjusted,737.75,758,733.75,744,92691,228809,202109
2021-08-16,&KE_CCB,KC HRW Wheat Continuous Contract Backadjusted,743.75,750.75,736.5,738.25,53554,229998,202109
2021-08-17,&KE_CCB,KC HRW Wheat Continuous Contract Backadjusted,739.75,742.5,715,718.5,58976,229763,202109
2021-08-18,&KE_CCB,KC HRW Wheat Continuous Contract Backadjusted,718.25,727.25,705.5,725.5,44113,232648,202109
2021-08-19,&KE_CCB,KC HRW Wheat Continuous Contract Backadjusted,724.25,724.5,708.75,717.25,50912,234993,202109
2021-08-20,&KE_CCB,KC HRW Wheat Continuous Contract Backadjusted,717.25,720.5,697,703.75,70187,239008,202109
2021-08-23,&KE_CCB,KC HRW Wheat Continuous Contract Backadjusted,701.5,717.5,698.75,706,41822,236361,202109
2021-08-24,&KE_CCB,KC HRW Wheat Continuous Contract Backadjusted,708.5,711.25,697.75,706,50903,232626,202109
2021-08-25,&KE_CCB,KC HRW Wheat Continuous Contract Backadjusted,706,710,698.25,703.75,53016,229336,202109
2021-08-26,&KE_CCB,KC HRW Wheat Continuous Contract Backadjusted,703.75,718.75,701.75,717.25,47721,230071,202109
2021-08-27,&KE_CCB,KC HRW Wheat Continuous Contract Backadjusted,717.25,724.75,710.75,714,53915,225662,202109
2021-08-30,&KE_CCB,KC HRW Wheat Continuous Contract Backadjusted,717,726.5,702.75,706,40304,229315,202109
2021-08-31,&KE_CCB,KC HRW Wheat Continuous Contract Backadjusted,706,710.25,692.5,705.5,47148,231629,202112
2021-09-01,&KE_CCB,KC HRW Wheat Continuous Contract Backadjusted,707.25,713.25,690.75,697.5,36033,232631,202112
2021-09-02,&KE_CCB,KC HRW Wheat Continuous Contract Backadjusted,697.5,704.75,691.5,702.5,26398,233531,202112
2021-09-03,&KE_CCB,KC HRW Wheat Continuous Contract Backadjusted,702.5,717.5,698,716.5,36054,234869,202112
2021-09-07,&KE_CCB,KC HRW Wheat Continuous Contract Backadjusted,715.25,723.25,708.5,711,38038,237015,202112
2021-09-08,&KE_CCB,KC HRW Wheat Continuous Contract Backadjusted,711,714.5,695.5,698.25,36982,236954,202112
2021-09-09,&KE_CCB,KC HRW Wheat Continuous Contract Backadjusted,698.5,699,675.75,676.25,51134,233150,202112
2021-09-10,&KE_CCB,KC HRW Wheat Continuous Contract Backadjusted,676.25,682,663.75,676,42166,229080,202112
2021-09-13,&KE_CCB,KC HRW Wheat Continuous Contract Backadjusted,678.25,682.75,668,679.75,30878,225017,202112
2021-09-14,&KE_CCB,KC HRW Wheat Continuous Contract Backadjusted,678.75,696,677.5,695.25,30682,223848,202112
2021-09-15,&KE_CCB,KC HRW Wheat Continuous Contract Backadjusted,695.25,710.75,692,709.5,28428,224167,202112
2021-09-16,&KE_CCB,KC HRW Wheat Continuous Contract Backadjusted,709,715.5,704,714,30275,224304,202112
2021-09-17,&KE_CCB,KC HRW Wheat Continuous Contract Backadjusted,714,716.5,705.75,706.5,19593,224828,202112
2021-09-20,&KE_CCB,KC HRW Wheat Continuous Contract Backadjusted,706,708.5,690.5,693.5,24227,225141,202112
2021-09-21,&KE_CCB,KC HRW Wheat Continuous Contract Backadjusted,693.5,695.25,679.75,684,24778,225471,202112
2021-09-22,&KE_CCB,KC HRW Wheat Continuous Contract Backadjusted,683.5,700.25,682,699.5,29872,224099,202112
2021-09-23,&KE_CCB,KC HRW Wheat Continuous Contract Backadjusted,700,715,699.25,713.5,26932,224092,202112
2021-09-24,&KE_CCB,KC HRW Wheat Continuous Contract Backadjusted,713.5,717.25,706.75,713.25,27722,224629,202112
2021-09-27,&KE_CCB,KC HRW Wheat Continuous Contract Backadjusted,711,718,711,714.25,31294,224365,202112
2021-09-28,&KE_CCB,KC HRW Wheat Continuous Contract Backadjusted,712.75,719,696.5,698.5,39576,224674,202112
2021-09-29,&KE_CCB,KC HRW Wheat Continuous Contract Backadjusted,701,708.75,701,705.25,29865,223416,202112
2021-09-30,&KE_CCB,KC HRW Wheat Continuous Contract Backadjusted,705.25,731.25,697,725.25,62978,223752,202112
2021-10-01,&KE_CCB,KC HRW Wheat Continuous Contract Backadjusted,724,755.25,721.5,753,66671,226832,202112
2021-10-04,&KE_CCB,KC HRW Wheat Continuous Contract Backadjusted,748.75,757.75,744.75,747.75,45216,230856,202112
2021-10-05,&KE_CCB,KC HRW Wheat Continuous Contract Backadjusted,747.25,747.75,731.5,734.5,41537,230413,202112
2021-10-06,&KE_CCB,KC HRW Wheat Continuous Contract Backadjusted,735,746.75,732.25,738.5,26769,230583,202112
2021-10-07,&KE_CCB,KC HRW Wheat Continuous Contract Backadjusted,738.5,744.5,732.25,734.75,34410,232301,202112
2021-10-08,&KE_CCB,KC HRW Wheat Continuous Contract Backadjusted,733.75,741.25,728.75,731,28522,232642,202112
2021-10-11,&KE_CCB,KC HRW Wheat Continuous Contract Backadjusted,729.25,735.5,727.25,728,22949,232619,202112
2021-10-12,&KE_CCB,KC HRW Wheat Continuous Contract Backadjusted,727.5,741.5,719.5,733.25,47814,234621,202112
2021-10-13,&KE_CCB,KC HRW Wheat Continuous Contract Backadjusted,734,735.5,709.5,715.25,48899,234321,202112
2021-10-14,&KE_CCB,KC HRW Wheat Continuous Contract Backadjusted,715.25,729.25,714.5,724.5,31803,234405,202112
2021-10-15,&KE_CCB,KC HRW Wheat Continuous Contract Backadjusted,724.5,741.5,723,737.25,38555,234530,202112
2021-10-18,&KE_CCB,KC HRW Wheat Continuous Contract Backadjusted,737.75,743.25,734.75,742.5,30715,234885,202112
2021-10-19,&KE_CCB,KC HRW Wheat Continuous Contract Backadjusted,740,750.75,738.75,741.75,34172,235946,202112
2021-10-20,&KE_CCB,KC HRW Wheat Continuous Contract Backadjusted,742,754.25,741.25,753.25,40802,240357,202112
2021-10-21,&KE_CCB,KC HRW Wheat Continuous Contract Backadjusted,752.5,756,736.75,741.25,44375,243592,202112
2021-10-22,&KE_CCB,KC HRW Wheat Continuous Contract Backadjusted,743.5,768.5,743.5,767.5,100624,237979,202112
2021-10-25,&KE_CCB,KC HRW Wheat Continuous Contract Backadjusted,767.5,775.75,762,771.25,47144,234862,202112
2021-10-26,&KE_CCB,KC HRW Wheat Continuous Contract Backadjusted,775.25,783.5,760,770.75,51700,236941,202112
2021-10-27,&KE_CCB,KC HRW Wheat Continuous Contract Backadjusted,768.25,780,765,776.25,50188,237973,202112
2021-10-28,&KE_CCB,KC HRW Wheat Continuous Contract Backadjusted,774.75,790.75,769.5,783.5,42723,236932,202112
2021-10-29,&KE_CCB,KC HRW Wheat Continuous Contract Backadjusted,783.5,787.75,772,779.25,40724,234264,202112
2021-11-01,&KE_CCB,KC HRW Wheat Continuous Contract Backadjusted,781.25,803,773.25,800,49458,237191,202112
2021-11-02,&KE_CCB,KC HRW Wheat Continuous Contract Backadjusted,800.75,808,789.75,791.75,50154,235472,202112
2021-11-03,&KE_CCB,KC HRW Wheat Continuous Contract Backadjusted,790,795.5,779.75,784.25,37262,236702,202112
2021-11-04,&KE_CCB,KC HRW Wheat Continuous Contract Backadjusted,784.25,797.5,775.75,779.5,45065,237027,202112
2021-11-05,&KE_CCB,KC HRW Wheat Continuous Contract Backadjusted,780.25,784.75,771.5,772.25,57851,237170,202112
2021-11-08,&KE_CCB,KC HRW Wheat Continuous Contract Backadjusted,772.25,779,767.5,774.25,60317,235729,202112
2021-11-09,&KE_CCB,KC HRW Wheat Continuous Contract Backadjusted,774.75,790,770,787,76855,233489,202112
2021-11-10,&KE_CCB,KC HRW Wheat Continuous Contract Backadjusted,790.75,812.5,785.25,811,94411,238286,202112
2021-11-11,&KE_CCB,KC HRW Wheat Continuous Contract Backadjusted,811,832.25,808.25,821.5,102424,235303,202112
2021-11-12,&KE_CCB,KC HRW Wheat Continuous Contract Backadjusted,821.5,837,811.75,826.5,110293,241900,202112
2021-11-15,&KE_CCB,KC HRW Wheat Continuous Contract Backadjusted,826.5,832.75,817.75,829.5,75849,236595,202112
2021-11-16,&KE_CCB,KC HRW Wheat Continuous Contract Backadjusted,829.5,830.75,809.75,814.25,76038,237136,202112
2021-11-17,&KE_CCB,KC HRW Wheat Continuous Contract Backadjusted,815.75,834,815,827.5,59569,238932,202112
2021-11-18,&KE_CCB,KC HRW Wheat Continuous Contract Backadjusted,828.25,843.25,820.25,820.75,68057,239067,202112
2021-11-19,&KE_CCB,KC HRW Wheat Continuous Contract Backadjusted,821.25,833.25,813.75,828.25,52703,240223,202112
2021-11-22,&KE_CCB,KC HRW Wheat Continuous Contract Backadjusted,833.25,858.75,832,855.25,74584,239221,202112
2021-11-23,&KE_CCB,KC HRW Wheat Continuous Contract Backadjusted,855.5,873,850.75,872.25,68241,239102,202112
2021-11-24,&KE_CCB,KC HRW Wheat Continuous Contract Backadjusted,872.25,880.75,859.25,866.75,75949,239487,202112
2021-11-26,&KE_CCB,KC HRW Wheat Continuous Contract Backadjusted,849,863.75,838.5,858.5,36752,234680,202112
2021-11-29,&KE_CCB,KC HRW Wheat Continuous Contract Backadjusted,868.75,875.25,840.75,847.5,53898,230394,202112
2021-11-30,&KE_CCB,KC HRW Wheat Continuous Contract Backadjusted,847.25,847.25,805.25,812.5,57198,227423,202203
2021-12-01,&KE_CCB,KC HRW Wheat Continuous Contract Backadjusted,814.5,823.5,801.5,809.5,50146,224089,202203
2021-12-02,&KE_CCB,KC HRW Wheat Continuous Contract Backadjusted,811.5,838.75,810.25,832.5,37441,222837,202203
2021-12-03,&KE_CCB,KC HRW Wheat Continuous Contract Backadjusted,834,839,811.75,814.5,43922,222377,202203
2021-12-06,&KE_CCB,KC HRW Wheat Continuous Contract Backadjusted,822.25,824.25,798.75,812.75,46932,223615,202203
2021-12-07,&KE_CCB,KC HRW Wheat Continuous Contract Backadjusted,813.5,821.5,807.5,817.75,32897,221831,202203
2021-12-08,&KE_CCB,KC HRW Wheat Continuous Contract Backadjusted,817.25,820.25,798.75,802.25,40863,223636,202203
2021-12-09,&KE_CCB,KC HRW Wheat Continuous Contract Backadjusted,803.25,803.25,778,786.75,52244,220618,202203
2021-12-10,&KE_CCB,KC HRW Wheat Continuous Contract Backadjusted,789.25,798.5,778.75,795.75,29318,218576,202203
2021-12-13,&KE_CCB,KC HRW Wheat Continuous Contract Backadjusted,795.75,805.75,786.75,802.75,26735,216226,202203
2021-12-14,&KE_CCB,KC HRW Wheat Continuous Contract Backadjusted,802.25,806.5,793,802,22404,215046,202203
2021-12-15,&KE_CCB,KC HRW Wheat Continuous Contract Backadjusted,801.75,801.75,771.25,775.75,51131,215595,202203
2021-12-16,&KE_CCB,KC HRW Wheat Continuous Contract Backadjusted,775.75,797.5,772,794,36784,212952,202203
2021-12-17,&KE_CCB,KC HRW Wheat Continuous Contract Backadjusted,793.25,807.25,791,800.25,32219,211879,202203
2021-12-20,&KE_CCB,KC HRW Wheat Continuous Contract Backadjusted,804.5,804.5,784,803.5,19480,212832,202203
2021-12-21,&KE_CCB,KC HRW Wheat Continuous Contract Backadjusted,803.75,834.75,802,831.75,47385,216719,202203
2021-12-22,&KE_CCB,KC HRW Wheat Continuous Contract Backadjusted,830,846.75,820.5,844,35975,219744,202203
2021-12-23,&KE_CCB,KC HRW Wheat Continuous Contract Backadjusted,842.75,854,840.25,851.75,24595,221167,202203
2021-12-27,&KE_CCB,KC HRW Wheat Continuous Contract Backadjusted,854.5,861.25,835.75,837.25,24188,221655,202203
2021-12-28,&KE_CCB,KC HRW Wheat Continuous Contract Backadjusted,837.75,841,810.5,812,42364,220413,202203
2021-12-29,&KE_CCB,KC HRW Wheat Continuous Contract Backadjusted,812.75,819.75,801.5,814.75,28797,219796,202203
2021-12-30,&KE_CCB,KC HRW Wheat Continuous Contract Backadjusted,816.5,819.25,798.75,803,24279,220675,202203
2021-12-31,&KE_CCB,KC HRW Wheat Continuous Contract Backadjusted,803.25,810.5,788.75,791.75,26297,221613,202203
2022-01-03,&KE_CCB,KC HRW Wheat Continuous Contract Backadjusted,795.5,807.25,775.75,781.75,34136,222197,202203
2022-01-04,&KE_CCB,KC HRW Wheat Continuous Contract Backadjusted,783.75,795.5,782.25,794.25,35491,222583,202203
2022-01-05,&KE_CCB,KC HRW Wheat Continuous Contract Backadjusted,794.25,797.75,773,777.25,49926,223122,202203
2022-01-06,&KE_CCB,KC HRW Wheat Continuous Contract Backadjusted,777.25,777.25,752.25,758.75,65847,224151,202203
2022-01-07,&KE_CCB,KC HRW Wheat Continuous Contract Backadjusted,759.75,766.25,744.75,765.25,54332,218965,202203
2022-01-10,&KE_CCB,KC HRW Wheat Continuous Contract Backadjusted,766.75,770,751.25,768.5,49486,218233,202203
2022-01-11,&KE_CCB,KC HRW Wheat Continuous Contract Backadjusted,768.25,783.25,766,782,44426,215528,202203
2022-01-12,&KE_CCB,KC HRW Wheat Continuous Contract Backadjusted,781,783.75,765.5,768.25,61545,215835,202203
2022-01-13,&KE_CCB,KC HRW Wheat Continuous Contract Backadjusted,766.25,767.25,748,750,66273,216104,202203
2022-01-14,&KE_CCB,KC HRW Wheat Continuous Contract Backadjusted,750,750,734,735.25,56053,216296,202203
2022-01-18,&KE_CCB,KC HRW Wheat Continuous Contract Backadjusted,736.75,765.25,735.25,763,61355,212141,202203
2022-01-19,&KE_CCB,KC HRW Wheat Continuous Contract Backadjusted,765.25,790.75,765.25,790.25,54075,215098,202203
2022-01-20,&KE_CCB,KC HRW Wheat Continuous Contract Backadjusted,789.25,796.75,777.75,786.75,40832,215940,202203
2022-01-21,&KE_CCB,KC HRW Wheat Continuous Contract Backadjusted,786,793.25,776.5,783.5,32442,213944,202203
2022-01-24,&KE_CCB,KC HRW Wheat Continuous Contract Backadjusted,795.25,809.5,784.5,808.25,42808,212787,202203
2022-01-25,&KE_CCB,KC HRW Wheat Continuous Contract Backadjusted,809.5,839.5,808.5,824.75,56901,211960,202203
2022-01-26,&KE_CCB,KC HRW Wheat Continuous Contract Backadjusted,823.75,824,795,806,46450,214597,202203
2022-01-27,&KE_CCB,KC HRW Wheat Continuous Contract Backadjusted,804.25,806.25,781.25,783.75,40782,218036,202203
2022-01-28,&KE_CCB,KC HRW Wheat Continuous Contract Backadjusted,783.75,801,780.25,792.5,30048,218275,202203
2022-01-31,&KE_CCB,KC HRW Wheat Continuous Contract Backadjusted,797.5,807.25,767.25,771.5,45311,217765,202203
2022-02-01,&KE_CCB,KC HRW Wheat Continuous Contract Backadjusted,771,783.75,766.5,776.5,35191,218513,202203
2022-02-02,&KE_CCB,KC HRW Wheat Continuous Contract Backadjusted,776.25,787.25,756,759.75,47724,217270,202203
2022-02-03,&KE_CCB,KC HRW Wheat Continuous Contract Backadjusted,756.25,763.5,743.5,759.25,42909,217729,202203
2022-02-04,&KE_CCB,KC HRW Wheat Continuous Contract Backadjusted,761.25,778.75,759.5,776,43215,216325,202203
2022-02-07,&KE_CCB,KC HRW Wheat Continuous Contract Backadjusted,786.5,789.5,772.5,782,68740,215097,202203
2022-02-08,&KE_CCB,KC HRW Wheat Continuous Contract Backadjusted,783.25,793.5,767.5,791.5,114747,212689,202203
2022-02-09,&KE_CCB,KC HRW Wheat Continuous Contract Backadjusted,791.5,808.5,785,805.25,94053,212288,202203
2022-02-10,&KE_CCB,KC HRW Wheat Continuous Contract Backadjusted,806.25,820.25,785,791.25,84116,214929,202203
2022-02-11,&KE_CCB,KC HRW Wheat Continuous Contract Backadjusted,790.5,821.25,781.75,814.5,92248,220458,202203
2022-02-14,&KE_CCB,KC HRW Wheat Continuous Contract Backadjusted,816.25,834.5,800.25,818.75,61062,219492,202203
2022-02-15,&KE_CCB,KC HRW Wheat Continuous Contract Backadjusted,820.25,820.5,787.5,796.25,73588,221307,202203
2022-02-16,&KE_CCB,KC HRW Wheat Continuous Contract Backadjusted,795.25,803.5,789.75,798.25,62853,221764,202203
2022-02-17,&KE_CCB,KC HRW Wheat Continuous Contract Backadjusted,796.25,815.75,793.75,813.25,48194,220806,202203
2022-02-18,&KE_CCB,KC HRW Wheat Continuous Contract Backadjusted,812,840.25,806,825.5,78011,216744,202203
2022-02-22,&KE_CCB,KC HRW Wheat Continuous Contract Backadjusted,844.25,874.75,836,872,78859,213586,202203
2022-02-23,&KE_CCB,KC HRW Wheat Continuous Contract Backadjusted,871.25,907.75,861.5,903.75,86627,212604,202203
2022-02-24,&KE_CCB,KC HRW Wheat Continuous Contract Backadjusted,905.25,953.75,902.5,953.25,114593,209890,202203
2022-02-25,&KE_CCB,KC HRW Wheat Continuous Contract Backadjusted,943.25,963.25,867.75,877,69091,207833,202203
2022-02-28,&KE_CCB,KC HRW Wheat Continuous Contract Backadjusted,934.5,952,903,939,61867,208469,202205
2022-03-01,&KE_CCB,KC HRW Wheat Continuous Contract Backadjusted,939,989,937.25,989,51847,208293,202205
2022-03-02,&KE_CCB,KC HRW Wheat Continuous Contract Backadjusted,1006.75,1064,992,1061.25,123015,201317,202205
2022-03-03,&KE_CCB,KC HRW Wheat Continuous Contract Backadjusted,1062.25,1136.25,1061.5,1136.25,85343,190524,202205
2022-03-04,&KE_CCB,KC HRW Wheat Continuous Contract Backadjusted,1211.25,1211.25,1143.75,1200.5,89396,186952,202205
2022-03-07,&KE_CCB,KC HRW Wheat Continuous Contract Backadjusted,1266,1285.5,1189.25,1237.5,61317,184518,202205
2022-03-08,&KE_CCB,KC HRW Wheat Continuous Contract Backadjusted,1247.5,1258.25,1107.5,1185.5,76079,184723,202205
2022-03-09,&KE_CCB,KC HRW Wheat Continuous Contract Backadjusted,1185.5,1185.5,1100.5,1100.5,44393,181634,202205
2022-03-10,&KE_CCB,KC HRW Wheat Continuous Contract Backadjusted,1080,1137,1026.75,1051.75,58659,178547,202205
2022-03-11,&KE_CCB,KC HRW Wheat Continuous Contract Backadjusted,1048.5,1091.5,1021.5,1075.25,41225,179314,202205
2022-03-14,&KE_CCB,KC HRW Wheat Continuous Contract Backadjusted,1099.25,1124.25,1037.5,1086,38880,178964,202205
2022-03-15,&KE_CCB,KC HRW Wheat Continuous Contract Backadjusted,1089,1150.5,1076.75,1143.5,26636,178859,202205
2022-03-16,&KE_CCB,KC HRW Wheat Continuous Contract Backadjusted,1144,1146.25,1058.5,1058.5,30021,178116,202205
2022-03-17,&KE_CCB,KC HRW Wheat Continuous Contract Backadjusted,1048,1086.75,1026,1078.25,33331,177542,202205
2022-03-18,&KE_CCB,KC HRW Wheat Continuous Contract Backadjusted,1072.75,1083.25,1041.75,1056.5,22492,176806,202205
2022-03-21,&KE_CCB,KC HRW Wheat Continuous Contract Backadjusted,1065,1134.5,1056.25,1099.25,23595,177359,202205
2022-03-22,&KE_CCB,KC HRW Wheat Continuous Contract Backadjusted,1100.5,1142.5,1092.25,1102.5,24612,178217,202205
2022-03-23,&KE_CCB,KC HRW Wheat Continuous Contract Backadjusted,1102.5,1125.75,1091,1097.5,21651,177813,202205
2022-03-24,&KE_CCB,KC HRW Wheat Continuous Contract Backadjusted,1097,1107,1076.5,1081,27469,177169,202205
2022-03-25,&KE_CCB,KC HRW Wheat Continuous Contract Backadjusted,1082.5,1102,1060.25,1096.75,25974,178164,202205
2022-03-28,&KE_CCB,KC HRW Wheat Continuous Contract Backadjusted,1087.5,1089.25,1044.75,1056.5,30315,178910,202205
2022-03-29,&KE_CCB,KC HRW Wheat Continuous Contract Backadjusted,1050,1064.75,979,1010.5,47073,178444,202205
2022-03-30,&KE_CCB,KC HRW Wheat Continuous Contract Backadjusted,1010,1044.75,1000.75,1030.5,32814,179240,202205
2022-03-31,&KE_CCB,KC HRW Wheat Continuous Contract Backadjusted,1033,1075.25,1014.25,1015.75,39041,178555,202205
2022-04-01,&KE_CCB,KC HRW Wheat Continuous Contract Backadjusted,1018,1038.75,998,999,32475,178084,202205
2022-04-04,&KE_CCB,KC HRW Wheat Continuous Contract Backadjusted,1005.25,1030.75,1002.5,1023.75,28588,178328,202205
2022-04-05,&KE_CCB,KC HRW Wheat Continuous Contract Backadjusted,1034.5,1085.25,1033.75,1068.75,36862,178149,202205
2022-04-06,&KE_CCB,KC HRW Wheat Continuous Contract Backadjusted,1069.25,1081.5,1047.5,1071,37166,176180,202205
2022-04-07,&KE_CCB,KC HRW Wheat Continuous Contract Backadjusted,1075.5,1076.25,1054.25,1056.75,59238,175804,202205
2022-04-08,&KE_CCB,KC HRW Wheat Continuous Contract Backadjusted,1060.25,1095.5,1051.5,1092.75,52894,175458,202205
2022-04-11,&KE_CCB,KC HRW Wheat Continuous Contract Backadjusted,1095.75,1143.25,1095.25,1127.5,60769,174367,202205
2022-04-12,&KE_CCB,KC HRW Wheat Continuous Contract Backadjusted,1123,1162,1120,1148.25,55492,175900,202205
2022-04-13,&KE_CCB,KC HRW Wheat Continuous Contract Backadjusted,1148.25,1165.5,1126.75,1160,58804,179585,202205
2022-04-14,&KE_CCB,KC HRW Wheat Continuous Contract Backadjusted,1156.5,1172.25,1137.25,1140,37678,179530,202205
2022-04-18,&KE_CCB,KC HRW Wheat Continuous Contract Backadjusted,1140,1179.5,1140,1171,29530,178016,202205
2022-04-19,&KE_CCB,KC HRW Wheat Continuous Contract Backadjusted,1171.75,1184,1153.25,1157.5,30938,177370,202205
2022-04-20,&KE_CCB,KC HRW Wheat Continuous Contract Backadjusted,1157,1172.25,1129.25,1149.25,40010,176830,202205
2022-04-21,&KE_CCB,KC HRW Wheat Continuous Contract Backadjusted,1153.75,1154.25,1114.75,1123.75,33173,175611,202205
2022-04-22,&KE_CCB,KC HRW Wheat Continuous Contract Backadjusted,1126.25,1137.25,1114.75,1128.75,25369,174366,202205
2022-04-25,&KE_CCB,KC HRW Wheat Continuous Contract Backadjusted,1135.5,1142,1118.5,1131.25,36110,173451,202205
2022-04-26,&KE_CCB,KC HRW Wheat Continuous Contract Backadjusted,1139.5,1159.5,1136.75,1143.75,32117,173692,202205
2022-04-27,&KE_CCB,KC HRW Wheat Continuous Contract Backadjusted,1142,1145,1127.25,1134.25,28876,172524,202205
2022-04-28,&KE_CCB,KC HRW Wheat Continuous Contract Backadjusted,1134.25,1142.25,1121,1122.25,27476,173144,202205
2022-04-29,&KE_CCB,KC HRW Wheat Continuous Contract Backadjusted,1123,1133.75,1085.25,1086.75,35845,172362,202207
2022-05-02,&KE_CCB,KC HRW Wheat Continuous Contract Backadjusted,1081.75,1098.75,1067.75,1079,32976,171710,202207
2022-05-03,&KE_CCB,KC HRW Wheat Continuous Contract Backadjusted,1079,1095.75,1070,1073.75,26955,171872,202207
2022-05-04,&KE_CCB,KC HRW Wheat Continuous Contract Backadjusted,1074,1115,1072.5,1104.25,31897,171255,202207
2022-05-05,&KE_CCB,KC HRW Wheat Continuous Contract Backadjusted,1104.25,1161,1104.25,1158,39017,171041,202207
2022-05-06,&KE_CCB,KC HRW Wheat Continuous Contract Backadjusted,1154.25,1170.25,1135,1151.5,31477,171953,202207
2022-05-09,&KE_CCB,KC HRW Wheat Continuous Contract Backadjusted,1167,1181,1142.25,1145.25,30895,171930,202207
2022-05-10,&KE_CCB,KC HRW Wheat Continuous Contract Backadjusted,1145.25,1160,1137.75,1156,27380,172577,202207
2022-05-11,&KE_CCB,KC HRW Wheat Continuous Contract Backadjusted,1156.25,1188.25,1156,1181.5,31287,173393,202207
2022-05-12,&KE_CCB,KC HRW Wheat Continuous Contract Backadjusted,1182,1251.5,1171.25,1251,44437,174254,202207
2022-05-13,&KE_CCB,KC HRW Wheat Continuous Contract Backadjusted,1246.5,1273,1237.5,1263,24636,174520,202207
2022-05-16,&KE_CCB,KC HRW Wheat Continuous Contract Backadjusted,1307.25,1333,1306,1333,31635,174356,202207
2022-05-17,&KE_CCB,KC HRW Wheat Continuous Contract Backadjusted,1351.5,1360.25,1279.5,1348.75,40122,174905,202207
2022-05-18,&KE_CCB,KC HRW Wheat Continuous Contract Backadjusted,1349,1349,1284,1305.5,33773,175165,202207
2022-05-19,&KE_CCB,KC HRW Wheat Continuous Contract Backadjusted,1303.75,1326.5,1258.5,1276.25,32972,175431,202207
2022-05-20,&KE_CCB,KC HRW Wheat Continuous Contract Backadjusted,1278.5,1281,1232.75,1233.75,29889,175463,202207
2022-05-23,&KE_CCB,KC HRW Wheat Continuous Contract Backadjusted,1243.25,1263.25,1240,1257.5,20527,176633,202207
2022-05-24,&KE_CCB,KC HRW Wheat Continuous Contract Backadjusted,1259.25,1272.5,1200.25,1218.75,33590,177697,202207
2022-05-25,&KE_CCB,KC HRW Wheat Continuous Contract Backadjusted,1217,1221,1173,1214.25,40725,178659,202207
2022-05-26,&KE_CCB,KC HRW Wheat Continuous Contract Backadjusted,1216,1230,1187.75,1209.5,27670,179307,202207
2022-05-27,&KE_CCB,KC HRW Wheat Continuous Contract Backadjusted,1207.75,1232,1193,1216.25,28088,179388,202207
2022-05-31,&KE_CCB,KC HRW Wheat Continuous Contract Backadjusted,1217.25,1218.25,1146.25,1146.5,47399,180591,202207
2022-06-01,&KE_CCB,KC HRW Wheat Continuous Contract Backadjusted,1150.75,1158.5,1093.5,1109.25,52576,181441,202207
2022-06-02,&KE_CCB,KC HRW Wheat Continuous Contract Backadjusted,1111.75,1144,1108.75,1124.5,45046,181566,202207
2022-06-03,&KE_CCB,KC HRW Wheat Continuous Contract Backadjusted,1127,1138.5,1100,1102,37658,182516,202207
2022-06-06,&KE_CCB,KC HRW Wheat Continuous Contract Backadjusted,1115.25,1165.75,1115.25,1151,36202,181197,202207
2022-06-07,&KE_CCB,KC HRW Wheat Continuous Contract Backadjusted,1151,1158,1116.5,1130.25,63161,180335,202207
2022-06-08,&KE_CCB,KC HRW Wheat Continuous Contract Backadjusted,1133.25,1149,1122.75,1136,53479,181807,202207
2022-06-09,&KE_CCB,KC HRW Wheat Continuous Contract Backadjusted,1136.75,1144.5,1111,1134.75,77454,183341,202207
2022-06-10,&KE_CCB,KC HRW Wheat Continuous Contract Backadjusted,1134.75,1148.75,1121,1143.5,50993,180671,202207
2022-06-13,&KE_CCB,KC HRW Wheat Continuous Contract Backadjusted,1146,1164,1127.5,1142.75,52781,178944,202207
2022-06-14,&KE_CCB,KC HRW Wheat Continuous Contract Backadjusted,1142.75,1142.75,1121,1123.25,30829,177793,202207
2022-06-15,&KE_CCB,KC HRW Wheat Continuous Contract Backadjusted,1123.25,1126.25,1106.75,1114.25,42246,176230,202207
2022-06-16,&KE_CCB,KC HRW Wheat Continuous Contract Backadjusted,1119.25,1140.5,1108,1129.5,34606,175602,202207
2022-06-17,&KE_CCB,KC HRW Wheat Continuous Contract Backadjusted,1129,1133.75,1083.5,1086,48880,173167,202207
2022-06-21,&KE_CCB,KC HRW Wheat Continuous Contract Backadjusted,1085,1089,1018,1022.25,70404,173165,202207
2022-06-22,&KE_CCB,KC HRW Wheat Continuous Contract Backadjusted,1023.5,1047,1006.5,1020.25,55888,169881,202207
2022-06-23,&KE_CCB,KC HRW Wheat Continuous Contract Backadjusted,1017.75,1018.75,981.25,986,53781,170679,202207
2022-06-24,&KE_CCB,KC HRW Wheat Continuous Contract Backadjusted,986.25,1003,972.75,973.5,51662,164641,202207
2022-06-27,&KE_CCB,KC HRW Wheat Continuous Contract Backadjusted,973,984.75,952.5,953.75,44559,160138,202207
2022-06-28,&KE_CCB,KC HRW Wheat Continuous Contract Backadjusted,963.25,978,953.75,964.75,50712,155953,202207
2022-06-29,&KE_CCB,KC HRW Wheat Continuous Contract Backadjusted,965,984.25,962,966.25,38353,152999,202207
2022-06-30,&KE_CCB,KC HRW Wheat Continuous Contract Backadjusted,969,982.25,925.75,926.75,45657,153142,202209
2022-07-01,&KE_CCB,KC HRW Wheat Continuous Contract Backadjusted,931,936.75,881,888.5,38244,153374,202209
2022-07-05,&KE_CCB,KC HRW Wheat Continuous Contract Backadjusted,885,886,834.5,837,47775,153674,202209
2022-07-06,&KE_CCB,KC HRW Wheat Continuous Contract Backadjusted,837,862.25,807.5,826.5,43694,154095,202209
2022-07-07,&KE_CCB,KC HRW Wheat Continuous Contract Backadjusted,828.75,871,828.75,864.25,46247,155904,202209
2022-07-08,&KE_CCB,KC HRW Wheat Continuous Contract Backadjusted,864.25,923.25,864.25,920.75,39122,155652,202209
2022-07-11,&KE_CCB,KC HRW Wheat Continuous Contract Backadjusted,952.75,973.25,882.5,890.25,40634,154315,202209
2022-07-12,&KE_CCB,KC HRW Wheat Continuous Contract Backadjusted,890.25,900.5,839.25,842.75,33927,153758,202209
2022-07-13,&KE_CCB,KC HRW Wheat Continuous Contract Backadjusted,842.5,865.5,828.25,837.25,36315,154783,202209
2022-07-14,&KE_CCB,KC HRW Wheat Continuous Contract Backadjusted,838,856.75,820.75,823.75,33337,155234,202209
2022-07-15,&KE_CCB,KC HRW Wheat Continuous Contract Backadjusted,823.75,829.25,795,812.5,43195,157035,202209
2022-07-18,&KE_CCB,KC HRW Wheat Continuous Contract Backadjusted,822.5,859.25,811.75,849,31895,156873,202209
2022-07-19,&KE_CCB,KC HRW Wheat Continuous Contract Backadjusted,848.25,852.75,828,844.25,30879,158686,202209
2022-07-20,&KE_CCB,KC HRW Wheat Continuous Contract Backadjusted,844.75,872.75,833,845.5,27718,160273,202209
2022-07-21,&KE_CCB,KC HRW Wheat Continuous Contract Backadjusted,845,862,827.25,836.25,35571,160587,202209
2022-07-22,&KE_CCB,KC HRW Wheat Continuous Contract Backadjusted,834.75,836.75,789.5,795.25,49685,163559,202209
2022-07-25,&KE_CCB,KC HRW Wheat Continuous Contract Backadjusted,823,828,798.25,814.75,41496,164700,202209
2022-07-26,&KE_CCB,KC HRW Wheat Continuous Contract Backadjusted,816,853.5,816,852,32429,163884,202209
2022-07-27,&KE_CCB,KC HRW Wheat Continuous Contract Backadjusted,851,864,828,836.75,41943,166492,202209
2022-07-28,&KE_CCB,KC HRW Wheat Continuous Contract Backadjusted,836.5,869.75,835,864.75,28537,167166,202209
2022-07-29,&KE_CCB,KC HRW Wheat Continuous Contract Backadjusted,861.25,890.25,845.5,849.5,39276,168580,202209
2022-08-01,&KE_CCB,KC HRW Wheat Continuous Contract Backadjusted,853,861.5,820.25,841.5,35697,168697,202209
2022-08-02,&KE_CCB,KC HRW Wheat Continuous Contract Backadjusted,835,835.75,813.5,817.25,40881,167999,202209
2022-08-03,&KE_CCB,KC HRW Wheat Continuous Contract Backadjusted,814.75,832.25,798.25,810.5,50317,168724,202209
2022-08-04,&KE_CCB,KC HRW Wheat Continuous Contract Backadjusted,811,840.25,806,835.25,51341,165080,202209
2022-08-05,&KE_CCB,KC HRW Wheat Continuous Contract Backadjusted,835,852.25,819.75,823.25,56094,164852,202209
2022-08-08,&KE_CCB,KC HRW Wheat Continuous Contract Backadjusted,823,837.75,804.75,822.75,46831,161409,202209
2022-08-09,&KE_CCB,KC HRW Wheat Continuous Contract Backadjusted,829.75,843.5,815.75,826.75,50663,162643,202209
2022-08-10,&KE_CCB,KC HRW Wheat Continuous Contract Backadjusted,826.5,853.5,826.25,847.75,66123,163049,202209
2022-08-11,&KE_CCB,KC HRW Wheat Continuous Contract Backadjusted,847,869.75,840.25,864.25,66919,163553,202209
2022-08-12,&KE_CCB,KC HRW Wheat Continuous Contract Backadjusted,857.5,868.75,834.75,864.25,48019,160322,202209
2022-08-15,&KE_CCB,KC HRW Wheat Continuous Contract Backadjusted,857.75,861,833,857.75,36548,159331,202209
2022-08-16,&KE_CCB,KC HRW Wheat Continuous Contract Backadjusted,850,867.75,843.5,846.75,30440,156392,202209
2022-08-17,&KE_CCB,KC HRW Wheat Continuous Contract Backadjusted,847.5,860.25,816.25,826,41313,155862,202209
2022-08-18,&KE_CCB,KC HRW Wheat Continuous Contract Backadjusted,826.75,828.5,782.5,787.5,47103,156513,202209
2022-08-19,&KE_CCB,KC HRW Wheat Continuous Contract Backadjusted,787.5,822.5,787.5,819.75,42208,157536,202209
2022-08-22,&KE_CCB,KC HRW Wheat Continuous Contract Backadjusted,819.75,844.25,812,840.25,39235,155966,202209
2022-08-23,&KE_CCB,KC HRW Wheat Continuous Contract Backadjusted,839.5,879.25,837.5,857.5,53389,157509,202209
2022-08-24,&KE_CCB,KC HRW Wheat Continuous Contract Backadjusted,857,881,855.5,871.25,46864,157537,202209
2022-08-25,&KE_CCB,KC HRW Wheat Continuous Contract Backadjusted,871.25,882.25,841.5,844,42057,153674,202209
2022-08-26,&KE_CCB,KC HRW Wheat Continuous Contract Backadjusted,839.75,863.75,836.75,858.25,31428,153074,202209
2022-08-29,&KE_CCB,KC HRW Wheat Continuous Contract Backadjusted,861.25,897.5,847.5,887.5,36964,149418,202209
2022-08-30,&KE_CCB,KC HRW Wheat Continuous Contract Backadjusted,887.75,890.75,870.25,883.75,33651,145155,202209
2022-08-31,&KE_CCB,KC HRW Wheat Continuous Contract Backadjusted,883,901.75,871,898.5,26539,146996,202212
2022-09-01,&KE_CCB,KC HRW Wheat Continuous Contract Backadjusted,896.25,900.75,851,854,27683,145533,202212
2022-09-02,&KE_CCB,KC HRW Wheat Continuous Contract Backadjusted,856.25,879,856.25,863.75,23561,145877,202212
2022-09-06,&KE_CCB,KC HRW Wheat Continuous Contract Backadjusted,864,880,857.5,868,23832,146259,202212
2022-09-07,&KE_CCB,KC HRW Wheat Continuous Contract Backadjusted,866.5,920,860,887.5,42495,148654,202212
2022-09-08,&KE_CCB,KC HRW Wheat Continuous Contract Backadjusted,883.5,902.75,867.75,879,28128,148528,202212
2022-09-09,&KE_CCB,KC HRW Wheat Continuous Contract Backadjusted,879.75,919,876.25,915.25,27419,150756,202212
2022-09-12,&KE_CCB,KC HRW Wheat Continuous Contract Backadjusted,911.25,922.25,900.25,913,29784,149275,202212
2022-09-13,&KE_CCB,KC HRW Wheat Continuous Contract Backadjusted,912.75,931.75,907.75,919.75,25804,149786,202212
2022-09-14,&KE_CCB,KC HRW Wheat Continuous Contract Backadjusted,919.75,937.75,914.75,933,27544,149975,202212
2022-09-15,&KE_CCB,KC HRW Wheat Continuous Contract Backadjusted,933,944,908.75,912.25,25737,148312,202212
2022-09-16,&KE_CCB,KC HRW Wheat Continuous Contract Backadjusted,911,930.25,896.25,921.25,31261,149627,202212
2022-09-19,&KE_CCB,KC HRW Wheat Continuous Contract Backadjusted,920,920,882.25,895.75,28523,152064,202212
2022-09-20,&KE_CCB,KC HRW Wheat Continuous Contract Backadjusted,894.75,950.75,892,949,34971,154904,202212
2022-09-21,&KE_CCB,KC HRW Wheat Continuous Contract Backadjusted,939.75,968,930.25,953,35081,155288,202212
2022-09-22,&KE_CCB,KC HRW Wheat Continuous Contract Backadjusted,950.25,975.75,937.75,965.5,32612,157453,202212
2022-09-23,&KE_CCB,KC HRW Wheat Continuous Contract Backadjusted,962.75,966,931.75,936.5,24741,156832,202212
2022-09-26,&KE_CCB,KC HRW Wheat Continuous Contract Backadjusted,936.5,947.5,912.75,915.5,25383,155519,202212
2022-09-27,&KE_CCB,KC HRW Wheat Continuous Contract Backadjusted,914.25,950.25,914.25,929.25,25793,153947,202212
2022-09-28,&KE_CCB,KC HRW Wheat Continuous Contract Backadjusted,932.5,963.5,921.25,962,26681,153829,202212
2022-09-29,&KE_CCB,KC HRW Wheat Continuous Contract Backadjusted,960.5,972,945.5,952.75,27742,151598,202212
2022-09-30,&KE_CCB,KC HRW Wheat Continuous Contract Backadjusted,957,996.75,949.5,977.5,53997,153003,202212
2022-10-03,&KE_CCB,KC HRW Wheat Continuous Contract Backadjusted,983,995.75,967.25,974.75,37311,153341,202212
2022-10-04,&KE_CCB,KC HRW Wheat Continuous Contract Backadjusted,976.75,997,971.5,974.75,35899,153441,202212
2022-10-05,&KE_CCB,KC HRW Wheat Continuous Contract Backadjusted,974.75,994.75,966.25,976.25,31677,153127,202212
2022-10-06,&KE_CCB,KC HRW Wheat Continuous Contract Backadjusted,978,981,945.75,951,31161,153746,202212
2022-10-07,&KE_CCB,KC HRW Wheat Continuous Contract Backadjusted,957.75,971,949.5,954.75,29364,154089,202212
2022-10-10,&KE_CCB,KC HRW Wheat Continuous Contract Backadjusted,966.5,1023.5,964.75,1010.25,45733,157263,202212
2022-10-11,&KE_CCB,KC HRW Wheat Continuous Contract Backadjusted,1004.25,1007.75,974.25,976.75,33569,156583,202212
2022-10-12,&KE_CCB,KC HRW Wheat Continuous Contract Backadjusted,978.25,979.75,953,956,37936,155629,202212
2022-10-13,&KE_CCB,KC HRW Wheat Continuous Contract Backadjusted,957,982.75,938.5,968.25,33370,156180,202212
2022-10-14,&KE_CCB,KC HRW Wheat Continuous Contract Backadjusted,968,975.5,936.75,938.25,32330,156423,202212
2022-10-17,&KE_CCB,KC HRW Wheat Continuous Contract Backadjusted,940,955.25,934,938,33626,156768,202212
2022-10-18,&KE_CCB,KC HRW Wheat Continuous Contract Backadjusted,938,943.5,915,930.5,35606,157624,202212
2022-10-19,&KE_CCB,KC HRW Wheat Continuous Contract Backadjusted,928.25,946.5,921,927.75,27484,158697,202212
2022-10-20,&KE_CCB,KC HRW Wheat Continuous Contract Backadjusted,930.5,941.25,924.25,935.75,23893,157764,202212
2022-10-21,&KE_CCB,KC HRW Wheat Continuous Contract Backadjusted,936,945.5,915.5,934.25,25487,158138,202212
2022-10-24,&KE_CCB,KC HRW Wheat Continuous Contract Backadjusted,937,939.25,917.5,924,26503,158973,202212
2022-10-25,&KE_CCB,KC HRW Wheat Continuous Contract Backadjusted,924,929,910,920.5,29638,158382,202212
2022-10-26,&KE_CCB,KC HRW Wheat Continuous Contract Backadjusted,920.5,932.25,909,926.75,26288,158722,202212
2022-10-27,&KE_CCB,KC HRW Wheat Continuous Contract Backadjusted,927,941.75,915.5,918.25,30440,158093,202212
2022-10-28,&KE_CCB,KC HRW Wheat Continuous Contract Backadjusted,920,920.5,901.25,911,26705,158977,202212
2022-10-31,&KE_CCB,KC HRW Wheat Continuous Contract Backadjusted,948,968.5,936,964.75,67750,158598,202212
2022-11-01,&KE_CCB,KC HRW Wheat Continuous Contract Backadjusted,965,977,946.75,976,46797,160095,202212
2022-11-02,&KE_CCB,KC HRW Wheat Continuous Contract Backadjusted,971.25,976.25,922,926.25,49409,158858,202212
2022-11-03,&KE_CCB,KC HRW Wheat Continuous Contract Backadjusted,927.75,935.5,911.25,927.25,34244,157668,202212
2022-11-04,&KE_CCB,KC HRW Wheat Continuous Contract Backadjusted,929.75,944.5,925,939.25,29165,156866,202212
2022-11-07,&KE_CCB,KC HRW Wheat Continuous Contract Backadjusted,939.5,957.75,926.25,943.25,53974,157510,202212
2022-11-08,&KE_CCB,KC HRW Wheat Continuous Contract Backadjusted,944.5,957,928.75,931.75,49563,155333,202212
2022-11-09,&KE_CCB,KC HRW Wheat Continuous Contract Backadjusted,933,937.25,914.75,916,55953,155837,202212
2022-11-10,&KE_CCB,KC HRW Wheat Continuous Contract Backadjusted,918.75,923.75,903,911.25,56241,156892,202212
2022-11-11,&KE_CCB,KC HRW Wheat Continuous Contract Backadjusted,911,931.75,908.75,929.5,47192,158999,202212
2022-11-14,&KE_CCB,KC HRW Wheat Continuous Contract Backadjusted,933.75,951.75,928.75,942.25,45097,157331,202212
2022-11-15,&KE_CCB,KC HRW Wheat Continuous Contract Backadjusted,942,960.75,930.5,949,69037,155780,202212
2022-11-16,&KE_CCB,KC HRW Wheat Continuous Contract Backadjusted,950.25,950.75,927.5,941.5,39770,153411,202212
2022-11-17,&KE_CCB,KC HRW Wheat Continuous Contract Backadjusted,941,941.5,919,924,40734,151171,202212
2022-11-18,&KE_CCB,KC HRW Wheat Continuous Contract Backadjusted,924,928.25,915,920.25,41512,151285,202212
2022-11-21,&KE_CCB,KC HRW Wheat Continuous Contract Backadjusted,920.75,928,909.5,920.25,33573,148937,202212
2022-11-22,&KE_CCB,KC HRW Wheat Continuous Contract Backadjusted,919,925,910.25,911.5,30539,147905,202212
2022-11-23,&KE_CCB,KC HRW Wheat Continuous Contract Backadjusted,912,920,897,916.25,39389,145515,202212
2022-11-25,&KE_CCB,KC HRW Wheat Continuous Contract Backadjusted,916,924.75,905.75,908,18944,144757,202212
2022-11-28,&KE_CCB,KC HRW Wheat Continuous Contract Backadjusted,907.5,910.75,884.25,890.75,39753,142165,202212
2022-11-29,&KE_CCB,KC HRW Wheat Continuous Contract Backadjusted,889.25,901.25,882.25,887,29875,142738,202212
2022-11-30,&KE_CCB,KC HRW Wheat Continuous Contract Backadjusted,889,905,888.25,899.75,22954,143450,202303
2022-12-01,&KE_CCB,KC HRW Wheat Continuous Contract Backadjusted,898.25,900,881.75,890.25,24606,144317,202303
2022-12-02,&KE_CCB,KC HRW Wheat Continuous Contract Backadjusted,888,889.5,860.25,870.75,41542,146447,202303
2022-12-05,&KE_CCB,KC HRW Wheat Continuous Contract Backadjusted,875.25,877.75,840.75,841.75,36889,145391,202303
2022-12-06,&KE_CCB,KC HRW Wheat Continuous Contract Backadjusted,843.25,845.25,821.75,830,31673,146353,202303
2022-12-07,&KE_CCB,KC HRW Wheat Continuous Contract Backadjusted,832,853.5,828.75,848.75,29296,149010,202303
2022-12-08,&KE_CCB,KC HRW Wheat Continuous Contract Backadjusted,849.5,852,831.25,844.75,22488,149344,202303
2022-12-09,&KE_CCB,KC HRW Wheat Continuous Contract Backadjusted,847,850.75,828.75,833,21152,150582,202303
2022-12-12,&KE_CCB,KC HRW Wheat Continuous Contract Backadjusted,838.75,863.5,837.5,862.25,34236,151860,202303
2022-12-13,&KE_CCB,KC HRW Wheat Continuous Contract Backadjusted,862.25,879.25,862.25,865.25,23426,151174,202303
2022-12-14,&KE_CCB,KC HRW Wheat Continuous Contract Backadjusted,862.25,866,840.5,850.25,22211,151572,202303
2022-12-15,&KE_CCB,KC HRW Wheat Continuous Contract Backadjusted,850,866.75,844,860.5,22340,152606,202303
2022-12-16,&KE_CCB,KC HRW Wheat Continuous Contract Backadjusted,858.5,864.25,843,844,20967,152812,202303
2022-12-19,&KE_CCB,KC HRW Wheat Continuous Contract Backadjusted,845,849,830.75,843.5,24846,152857,202303
2022-12-20,&KE_CCB,KC HRW Wheat Continuous Contract Backadjusted,845.5,859.5,842.75,847,20554,151177,202303
2022-12-21,&KE_CCB,KC HRW Wheat Continuous Contract Backadjusted,846.75,866.75,844.25,864,22320,150682,202303
2022-12-22,&KE_CCB,KC HRW Wheat Continuous Contract Backadjusted,862,873,861,866,16908,150821,202303
2022-12-23,&KE_CCB,KC HRW Wheat Continuous Contract Backadjusted,865.25,877.5,863.25,874.75,13210,149544,202303
2022-12-27,&KE_CCB,KC HRW Wheat Continuous Contract Backadjusted,878.75,894.75,868.75,879.25,13604,149652,202303
2022-12-28,&KE_CCB,KC HRW Wheat Continuous Contract Backadjusted,880,891.75,875.5,882.25,17678,149953,202303
2022-12-29,&KE_CCB,KC HRW Wheat Continuous Contract Backadjusted,881.75,884,861,866.5,15929,150329,202303
2022-12-30,&KE_CCB,KC HRW Wheat Continuous Contract Backadjusted,866.75,894,864.75,888,22183,152655,202303
2023-01-03,&KE_CCB,KC HRW Wheat Continuous Contract Backadjusted,880.25,888,862,869.25,25401,152061,202303
2023-01-04,&KE_CCB,KC HRW Wheat Continuous Contract Backadjusted,872,872.75,836.5,840.75,32347,152640,202303
2023-01-05,&KE_CCB,KC HRW Wheat Continuous Contract Backadjusted,841.75,849.25,832.5,839.75,25282,153293,202303
2023-01-06,&KE_CCB,KC HRW Wheat Continuous Contract Backadjusted,841,846,830.5,832,24278,156169,202303
2023-01-09,&KE_CCB,KC HRW Wheat Continuous Contract Backadjusted,835.25,842.75,827,828.5,36079,159051,202303
2023-01-10,&KE_CCB,KC HRW Wheat Continuous Contract Backadjusted,828,828.5,803.25,811.75,55678,163353,202303
2023-01-11,&KE_CCB,KC HRW Wheat Continuous Contract Backadjusted,810.75,823,805.25,822.25,36386,165131,202303
2023-01-12,&KE_CCB,KC HRW Wheat Continuous Contract Backadjusted,823.5,839,810.5,835,50690,164576,202303
2023-01-13,&KE_CCB,KC HRW Wheat Continuous Contract Backadjusted,832.25,847,832.25,843.75,33599,0,202303
